<?xml version="1.0"?>
<data grt_format="2.0">
  <value _ptr_="050F3F00" type="list" content-type="object" content-struct-name="db.mgmt.Connection">
    <value type="object" struct-name="db.mgmt.Connection" id="{D6BBD428-0A02-4C26-9DA8-0B131CFECF1D}" struct-checksum="0x96ba47d8">
      <link type="object" struct-name="db.mgmt.Driver" key="driver">com.mysql.rdbms.mysql.driver.native</link>
      <value type="string" key="hostIdentifier">Mysql@localhost:3306</value>
      <value type="int" key="isDefault">1</value>
      <value _ptr_="089CAF98" type="dict" key="modules"/>
      <value _ptr_="089CAF18" type="dict" key="parameterValues">
        <value type="string" key="%userName%::Mysql@%hostName%:%port%">%userName%::Mysql@%hostName%:%port%</value>
        <value type="string" key="SQL_MODE"></value>
        <value type="string" key="hostName">localhost</value>
        <value type="string" key="password"></value>
        <value type="int" key="port">3306</value>
        <value type="string" key="schema"></value>
        <value type="string" key="sslCA"></value>
        <value type="string" key="sslCert"></value>
        <value type="string" key="sslCipher"></value>
        <value type="string" key="sslKey"></value>
        <value type="int" key="useSSL">1</value>
        <value type="string" key="userName">root</value>
      </value>
      <value type="string" key="name">Local instance MySQL</value>
      <link type="object" struct-name="GrtObject" key="owner">{F9006564-C323-4BA3-B64A-A655CFD6DA74}</link>
    </value>
    <value type="object" struct-name="db.mgmt.Connection" id="{E434BF46-D68C-4803-86C0-713DEF28DC71}" struct-checksum="0x96ba47d8">
      <link type="object" struct-name="db.mgmt.Driver" key="driver">com.mysql.rdbms.mysql.driver.native</link>
      <value type="string" key="hostIdentifier">Mysql@br-cdbr-azure-south-b.cloudapp.net:%port%</value>
      <value type="int" key="isDefault">0</value>
      <value _ptr_="089CAF58" type="dict" key="modules"/>
      <value _ptr_="089CAED8" type="dict" key="parameterValues">
        <value type="string" key="DbSqlEditor:LastDefaultSchema">meuazuresql</value>
        <value type="string" key="SQL_MODE"></value>
        <value type="string" key="hostName">br-cdbr-azure-south-b.cloudapp.net</value>
        <value type="int" key="lastConnected">1498278074</value>
        <value type="string" key="password"></value>
        <value type="string" key="schema"></value>
        <value type="string" key="serverVersion">5.5.45-log</value>
        <value type="string" key="sslCA"></value>
        <value type="string" key="sslCert"></value>
        <value type="string" key="sslCipher"></value>
        <value type="string" key="sslKey"></value>
        <value type="int" key="useSSL">1</value>
        <value type="string" key="userName">b92b3058bbebc1</value>
      </value>
      <value type="string" key="name">meuazuresql</value>
      <link type="object" struct-name="GrtObject" key="owner">{F9006564-C323-4BA3-B64A-A655CFD6DA74}</link>
    </value>
  </value>
</data>
