<?xml version="1.0"?>
<data grt_format="2.0">
  <value _ptr_="050F6C00" type="list" content-type="object" content-struct-name="db.mgmt.ServerInstance">
    <value type="object" struct-name="db.mgmt.ServerInstance" id="{17ABB145-0E85-45DA-9D45-B51B8A3FC403}" struct-checksum="0x367436e2">
      <link type="object" struct-name="db.mgmt.Connection" key="connection">{E434BF46-D68C-4803-86C0-713DEF28DC71}</link>
      <value _ptr_="089CAE18" type="dict" key="loginInfo"/>
      <value _ptr_="089CADD8" type="dict" key="serverInfo">
        <value type="int" key="setupPending">1</value>
      </value>
      <value type="string" key="name">meuazuresql</value>
    </value>
  </value>
</data>
